date,location,country,summary_of_case,drone_category,drone_model,drone_manufacturer,payload_type,control_method,mission_type,gangs_involved,link_to_other_criminal_activity,procurement_method,supply_chain_origin,ukraine_link,ukraine_link_classification,verification_status,evidence_quality,platform_source,url_primary_source,url_all_sources,row_note
2025-10-28,"Complexo da Penha & Alemão, Rio de Janeiro",Brazil,Drones dropped explosives on police during major security operation; videos and police confirm armed drone use; at least 54 dead; military advisor later arrested,commercial COTS,DJI (model unspecified),DJI,explosives,unknown,attack (explosive drop),Comando Vermelho,rival gang warfare; drug trafficking,not specified,China (DJI),FALSE,Not applicable,VERIFIED,Confirmed,YouTube; G1; Folha; O Globo,https://www1.folha.uol.com.br/internacional/en/brazil/2025/10/operation-against-comando-vermelho-leaves-at-least-54-dead-barricades-and-drone-delivered-bombs-in-rio-de-janeiro.shtml,https://www1.folha.uol.com.br/internacional/en/brazil/2025/10/operation-against-comando-vermelho-leaves-at-least-54-dead-barricades-and-drone-delivered-bombs-in-rio-de-janeiro.shtml;https://oglobo.globo.com/rio/noticia/2025/10/28/uso-de-drones-com-explosivos-contra-a-policia-do-rio-marca-escalada-em-poder-belico-de-faccoes.ghtml;https://g1.globo.com/fantastico/noticia/2025/10/29/drones-bomba-no-rio-cv-dominou-tecnologia-com-ajuda-de-militar-da-marinha-mostrou-fantastico.ghtml;https://www.youtube.com/watch?v=jjAcTJjpWb0,same date/location as row 2 (distinct incident — row 2 is surveillance operation); URL reconstructed from truncated source: original 'ps://g1.globo.com/fantastico/...' reconstructed to 'https://g1.globo.com/fantastico/noticia/2025/10/29/drones-bomba-no-rio-cv-dominou-tecnologia-com-ajuda-de-militar-da-marinha-mostrou-fantastico.ghtml'
2025-10-28,"Complexo da Penha & Alemão, Rio de Janeiro",Brazil,Drones used for real-time surveillance of police movements during the same megaoperation; distinct from explosive attack row,commercial COTS,Unknown,Unknown,surveillance,unknown,surveillance/ISR,Comando Vermelho,rival gang warfare; drug trafficking,not specified,Unknown,FALSE,Not applicable,VERIFIED,Confirmed,YouTube,https://www.youtube.com/watch?v=3gjPLqMfKIc,https://www.youtube.com/watch?v=3gjPLqMfKIc,same date/location as row 1 (distinct incident — row 1 is explosive attack)
2025-07-26,"Jardim Bangu, Rio de Janeiro",Brazil,Drone used for surveillance to plan attack on rival militiamen; police obtained drone footage,commercial COTS,Unknown,Unknown,surveillance,unknown,surveillance/ISR,Comando Vermelho,rival gang warfare; drug trafficking,not specified,Unknown,FALSE,Not applicable,VERIFIED,Confirmed,G1,https://g1.globo.com/rj/rio-de-janeiro/noticia/2025/07/28/trafico-usou-drone-antes-de-ataque-a-milicianos.ghtml,https://g1.globo.com/rj/rio-de-janeiro/noticia/2025/07/28/trafico-usou-drone-antes-de-ataque-a-milicianos.ghtml,URL reconstructed from truncated source: original '://g1.globo.com/rj/...' reconstructed to 'https://g1.globo.com/rj/rio-de-janeiro/noticia/2025/07/28/trafico-usou-drone-antes-de-ataque-a-milicianos.ghtml'
2025-09-15,"Bangu, Rio de Janeiro",Brazil,Drone tracked suspected rival; police registered overflight in official records,commercial COTS,Unknown,Unknown,surveillance,unknown,surveillance/ISR,Comando Vermelho,rival gang warfare; drug trafficking,not specified,Unknown,FALSE,Not applicable,VERIFIED,Confirmed,G1,https://g1.globo.com/rj/rio-de-janeiro/noticia/2025/10/21/comando-vermelho-drone-emboscadas.ghtml,https://g1.globo.com/rj/rio-de-janeiro/noticia/2025/10/21/comando-vermelho-drone-emboscadas.ghtml,URL reconstructed from truncated source: original 'tps://g1.globo.com/rj/...' reconstructed to 'https://g1.globo.com/rj/rio-de-janeiro/noticia/2025/10/21/comando-vermelho-drone-emboscadas.ghtml'
2024-07-09,"Quitungo, Rio de Janeiro",Brazil,Drone (DJI; 46-min autonomy; 15 km range) launched grenades in favela; technical details and police seizure documented,commercial COTS,DJI (model unspecified),DJI,explosives,unknown,attack (explosive drop),Comando Vermelho,rival gang warfare; drug trafficking,not specified,China (DJI),FALSE,Not applicable,VERIFIED,Confirmed,G1,https://g1.globo.com/rj/rio-de-janeiro/noticia/2024/07/09/como-funciona-drone-que-lancou-granada-em-favela-do-rio.ghtml,https://g1.globo.com/rj/rio-de-janeiro/noticia/2024/07/09/como-funciona-drone-que-lancou-granada-em-favela-do-rio.ghtml,None
2023-10-09,"Maré; Vila Cruzeiro; Cidade de Deus, Rio de Janeiro",Brazil,Drones used for facial and licence plate recognition by traffickers for surveillance during police operation; dual use by state and criminal actors noted,commercial COTS,Unknown,Unknown,surveillance,GPS waypoint/autonomous,surveillance/ISR,Comando Vermelho,rival gang warfare; drug trafficking,not specified,Unknown,FALSE,Not applicable,VERIFIED,Confirmed,G1,https://g1.globo.com/rj/rio-de-janeiro/noticia/2023/10/09/forcas-de-seguranca-usam-drones-no-reconhecimento-facial-e-de-placas-de-veiculos.ghtml,https://g1.globo.com/rj/rio-de-janeiro/noticia/2023/10/09/forcas-de-seguranca-usam-drones-no-reconhecimento-facial-e-de-placas-de-veiculos.ghtml,None
2025-06-05,"Rocinha, Rio de Janeiro",Brazil,Drone used for escape surveillance by Ceará cell of Comando Vermelho; joint police/government operation,commercial COTS,Unknown,Unknown,surveillance,unknown,surveillance/ISR,Comando Vermelho,rival gang warfare; drug trafficking,not specified,Unknown,FALSE,Not applicable,VERIFIED,Confirmed,G1,https://g1.globo.com/rj/rio-de-janeiro/noticia/2025/06/05/traficantes-ceara-identificados-drone-fuga-rocinha.ghtml,https://g1.globo.com/rj/rio-de-janeiro/noticia/2025/06/05/traficantes-ceara-identificados-drone-fuga-rocinha.ghtml,URL reconstructed from truncated source: original 'ttps://g1.globo.com/rj/...' reconstructed to 'https://g1.globo.com/rj/rio-de-janeiro/noticia/2025/06/05/traficantes-ceara-identificados-drone-fuga-rocinha.ghtml'
2025-02-20,Rio de Janeiro,Brazil,Comando Vermelho deployed FPV drones for real-time surveillance during favela shootout,commercial COTS,DJI FPV,DJI,surveillance,FPV manual,surveillance/ISR,Comando Vermelho,rival gang warfare; drug trafficking,legal retail,China (DJI),FALSE,Not applicable,VERIFIED,Confirmed,BBC,https://bbc.com/mundo/noticias-america-latina-60512345,https://bbc.com/mundo/noticias-america-latina-60512345,model inferred from Table 2 entry (DJI FPV listed explicitly)
2025-10-30,Rio de Janeiro,Brazil,Ex-Brazilian Navy advisor 'Mota' arrested after coordinating drone acquisition and adapting Ukraine war-derived drone tactics for Comando Vermelho; interlocutor Edgar Alves de Andrade 'Doca' also identified,commercial COTS,Unknown,Unknown,explosives,unknown,attack (explosive drop),Comando Vermelho,rival gang warfare; drug trafficking,battlefield adaptation (Ukraine),Unknown,TRUE,Confirmed,VERIFIED,Confirmed,UOL Notícias; G1; Folha de S.Paulo,https://noticias.uol.com.br/cotidiano/ultimas-noticias/2025/10/30/militar-da-marinha-acusado-de-levar-drones-ao-cv-vai-para-presidio-federal.htm,https://noticias.uol.com.br/cotidiano/ultimas-noticias/2025/10/30/militar-da-marinha-acusado-de-levar-drones-ao-cv-vai-para-presidio-federal.htm;https://g1.globo.com/fantastico/noticia/2025/10/29/drones-bomba-no-rio-cv-dominou-tecnologia-com-ajuda-de-militar-da-marinha-mostrou-fantastico.ghtml;https://www1.folha.uol.com.br/cotidiano/2025/10/uso-de-drones-por-faccoes-pode-transformar-conflito-urbano-em-batalha-aerea-diz-pesquisador.shtml,prose-only case — no dedicated table row in source; arrest linked to row 1 explosive attack; ukraine_link TRUE based on row-level Ukraine reference (Mota shared Ukraine war drone videos and coordinated adaptation)
2026-02-11,"El Paso, Texas",United States,El Paso airport temporarily closed after suspected cartel drone incursion into US airspace; prompted political and law enforcement response,unknown,Unknown,Unknown,surveillance,unknown,surveillance/ISR,Unspecified Mexican cartel(s),drug trafficking; arms trafficking,not specified,Unknown,FALSE,Not applicable,VERIFIED,Confirmed,Twitter/X; Reuters; AP,https://www.reuters.com/world/us/cartel-drones-become-flashpoint-between-us-mexico-2026-02-12/,https://www.reuters.com/world/us/cartel-drones-become-flashpoint-between-us-mexico-2026-02-12/;https://apnews.com/article/drones-carteles-mexico-eeuu-espacio-aereo-el-paso-39781505ae52177bd20d39868aeea3de,None
2026-01,Northern Mexico; near US border,Mexico,Cartel operatives used drones to drop IEDs on rival groups near US border; video geolocated by OSINT analysts,commercial COTS,Unknown,Unknown,explosives (IED),FPV manual,attack (explosive drop),Likely CJNG; Likely Sinaloa,drug trafficking; arms trafficking; rival gang warfare,grey market,China (DJI),TRUE,Confirmed,VERIFIED,Confirmed,YouTube; Twitter/X,https://www.youtube.com/watch?v=Z4abjd_4iR8,https://www.youtube.com/watch?v=Z4abjd_4iR8,ukraine_link inferred from group-level attribution (CJNG and Sinaloa); video geolocated by OSINT
2023/2026,Various border municipalities; Northern Mexico,Mexico,Drones used systematically for surveillance of law enforcement and drug delivery across the US-Mexico border; multi-year general trend,commercial COTS,Unknown,Unknown,drugs; surveillance,GPS waypoint/autonomous,surveillance/ISR; drug smuggling; border crossing,CJNG; Sinaloa; CDN,drug trafficking; arms trafficking,legal retail; grey market,China (DJI),TRUE,Probable,VERIFIED,Confirmed,Twitter/X; Facebook; AP; Reuters,https://apnews.com/article/drones-carteles-mexico-eeuu-espacio-aereo-el-paso-39781505ae52177bd20d39868aeea3de,https://apnews.com/article/drones-carteles-mexico-eeuu-espacio-aereo-el-paso-39781505ae52177bd20d39868aeea3de,aggregate trend row covering 2023-2026; ukraine_link inferred from group-level attribution
2025,US-Mexico border region,United States,Kamikaze drones with explosives targeted US Border Patrol agents; video evidence; marks escalation to attacking law enforcement on US soil,commercial COTS,Unknown,Unknown,explosives,FPV manual,attack (kamikaze/one-way),Likely CJNG; Likely Sinaloa,drug trafficking; arms trafficking,battlefield adaptation (Ukraine); grey market,China (DJI),TRUE,Confirmed,VERIFIED,Confirmed,YouTube,https://www.youtube.com/watch?v=FPqW4G2lYnU,https://www.youtube.com/watch?v=FPqW4G2lYnU,ukraine_link inferred from group-level attribution; kamikaze/one-way attack tactic classified Confirmed per Ukraine transfer section
2024/2025,New Mexico and Texas border regions,United States,Repeated cartel drone incursions for surveillance and drug drops; prompted anti-drone legislative and operational measures,commercial COTS,Unknown,Unknown,drugs; surveillance,GPS waypoint/autonomous,surveillance/ISR; drug smuggling; border crossing,Unspecified Mexican cartels,drug trafficking,legal retail; grey market,China (DJI),FALSE,Not applicable,VERIFIED,Confirmed,YouTube; Twitter/X; Reuters,https://www.reuters.com/world/senator-seeks-us-watchdog-probe-into-texas-drone-incidents-2026-03-13/,https://www.youtube.com/watch?v=zzI1sp2ZQdY;https://www.reuters.com/world/senator-seeks-us-watchdog-probe-into-texas-drone-incidents-2026-03-13/,None
2023/2025,Tierra Caliente; Michoacán; Jalisco; Guanajuato,Mexico,CJNG and allied groups used DJI Mavic drones modified for grenade drops and IED delivery against rivals and security forces; sustained multi-year campaign,commercial COTS,DJI Mavic series,DJI,explosives,FPV manual; GPS waypoint/autonomous,attack (explosive drop),CJNG; La Familia Michoacana,drug trafficking; arms trafficking; rival gang warfare; civilian displacement,legal retail; grey market,China (DJI),TRUE,Confirmed,VERIFIED,Confirmed,Facebook; Twitter/X; YouTube; AP; Militant Wire,https://www.militantwire.com/p/flying-south-for-the-war-the-rise,https://apnews.com/article/drones-carteles-mexico-eeuu-espacio-aereo-el-paso-39781505ae52177bd20d39868aeea3de;https://www.militantwire.com/p/flying-south-for-the-war-the-rise,merged from Table 1 row 13 and Table 3 row (2023-2025 Michoacán/Jalisco/Guanajuato); ukraine_link inferred from group-level attribution
2024-04,Michoacán; Mexico,Mexico,CJNG deployed FPV drone for first confirmed cartel FPV attack and separately intensified drone attacks dropping explosive devices with chemical substances causing respiratory distress — both incidents CJNG April 2024 Michoacán,improvised/FPV,DJI Mavic series,DJI,explosives (chemical),FPV manual,attack (kamikaze/one-way); attack (explosive drop),CJNG,drug trafficking; arms trafficking; rival gang warfare,legal retail; grey market; battlefield adaptation (Ukraine),China (DJI),TRUE,Confirmed,VERIFIED,Confirmed,Twitter/X; Telegram; CSIS; InSight Crime,https://www.csis.org/analysis/illicit-innovation-latin-america-not-prepared-fight-criminal-drones,https://www.csis.org/analysis/illicit-innovation-latin-america-not-prepared-fight-criminal-drones;https://insightcrime.org/news/drones-fuel-criminal-arms-race-latin-america/;https://www.ksat.com/news/world/2026/02/12/how-mexican-cartels-employ-drones-as-tools-to-smuggle-drugs-and-fight-enemies/,merged Table 1 (first FPV attack) + Table 2 (chemical payload) + Table 3; both April 2024 CJNG Michoacán; FPV tactic classified Confirmed per Ukraine transfer section; ukraine_link inferred from group-level attribution
2025-08,Mexico (exact location not specified),Mexico,Cárteles Unidos released video of drone attack on CJNG positions; geolocated by OSINT analysts and cited in academic analysis,commercial COTS,DJI Mavic 2,DJI,explosives,GPS waypoint/autonomous,attack (explosive drop),Cárteles Unidos (attacker); CJNG (target),rival gang warfare,legal retail; grey market,China (DJI),FALSE,Not applicable,VERIFIED,Confirmed,Twitter/X; YouTube; Militant Wire,https://www.militantwire.com/p/flying-south-for-the-war-the-rise,https://www.militantwire.com/p/flying-south-for-the-war-the-rise,None
2025-07-20,Catatumbo; Norte de Santander,Colombia,ELN explosive drone attack on military patrol killed 3 soldiers and wounded 8; commercial photography drone adapted for IED delivery,commercial COTS,Unknown,Unknown,explosives (IED),GPS waypoint/autonomous,attack (explosive drop),ELN,drug trafficking; arms trafficking,legal retail; grey market; black market/dark web,China (DJI),TRUE,Probable,VERIFIED,Confirmed,War on the Rocks; AP; Twitter/X,https://apnews.com/article/colombia-drone-attack-eln-catatumbo-61768f71290d2604a2d123d017cb18b4,https://warontherocks.com/2025/09/the-future-of-criminal-drone-use-in-latin-america/;https://apnews.com/article/colombia-drone-attack-eln-catatumbo-61768f71290d2604a2d123d017cb18b4,Table 1 date listed as 2025-06-12; Table 3 lists Aug 2025; AP source URL matches COL row with date 2025-07-20; used 2025-07-20 as most AP-consistent; discrepancy noted; ukraine_link inferred from group-level attribution
2024-07,Colombia (region undisclosed),Colombia,First lethal drone attack in Colombia attributed to ELN or FARC dissidents; casualties among security forces,commercial COTS,Unknown,Unknown,explosives,GPS waypoint/autonomous,attack (explosive drop),ELN; ex-FARC dissidents,drug trafficking; arms trafficking,legal retail; grey market,China (DJI),TRUE,Probable,VERIFIED,Confirmed,CSIS; InSight Crime,https://www.csis.org/analysis/illicit-innovation-latin-america-not-prepared-fight-criminal-drones,https://www.csis.org/analysis/illicit-innovation-latin-america-not-prepared-fight-criminal-drones,ukraine_link inferred from group-level attribution (ELN)
2025-04,Colombia (exact location not specified),Colombia,First documented one-way (kamikaze) attack drone deployed by a Colombian nonstate actor; geolocated by OSINT analysts,improvised/FPV,Unknown,Unknown,explosives,FPV manual,attack (kamikaze/one-way),Likely FARC dissidents; Likely ELN,drug trafficking; arms trafficking,black market/dark web; battlefield adaptation (Ukraine),China (components),TRUE,Confirmed,VERIFIED,Confirmed,Twitter/X; War on the Rocks,https://warontherocks.com/2025/09/the-future-of-criminal-drone-use-in-latin-america/,https://warontherocks.com/2025/09/the-future-of-criminal-drone-use-in-latin-america/,ukraine_link inferred from group-level attribution (ELN); kamikaze/one-way tactic classified Confirmed per Ukraine transfer section
2024,Colombia (general),Colombia,Aggregate: 115 drone attacks by ELN and ex-FARC rebel groups documented in 2024 alone; predominantly commercial drones modified with explosives,commercial COTS,Unknown,Unknown,explosives,FPV manual; GPS waypoint/autonomous,attack (explosive drop),ELN; ex-FARC mafia,drug trafficking; arms trafficking,legal retail; grey market,China (DJI),TRUE,Probable,VERIFIED,Confirmed,AP; Colombian Defense Ministry,https://apnews.com/article/colombia-drone-attack-eln-catatumbo-61768f71290d2604a2d123d017cb18b4,https://apnews.com/article/colombia-drone-attack-eln-catatumbo-61768f71290d2604a2d123d017cb18b4,aggregate row — 115 attacks in 2024; ukraine_link inferred from group-level attribution (ELN); prose-only aggregate in Table 1 source
2024,Departments of Cauca and Nariño; Colombia,Colombia,Series of drone attacks on army and infrastructure by ex-FARC mafia; increased frequency documented by InSight Crime,commercial COTS,Unknown,Unknown,explosives,GPS waypoint/autonomous,attack (explosive drop),ex-FARC mafia,drug trafficking; arms trafficking; rival gang warfare,legal retail; grey market,China (DJI),FALSE,Not applicable,VERIFIED,Confirmed,InSight Crime,https://insightcrime.org/news/drones-fuel-criminal-arms-race-latin-america/,https://insightcrime.org/news/drones-fuel-criminal-arms-race-latin-america/,None
2023,Guayaquil and Durán; Ecuador,Ecuador,Police seized three commercial drones with 5 km range and 5 kg payload capacity used for drug trafficking by local criminal networks,commercial COTS,Unknown,Unknown,drugs,GPS waypoint/autonomous,drug smuggling,Unspecified trafficking networks,drug trafficking,legal retail,China (DJI),FALSE,Not applicable,VERIFIED,Confirmed,InSight Crime,https://insightcrime.org/news/drones-fuel-criminal-arms-race-latin-america/,https://insightcrime.org/news/drones-fuel-criminal-arms-race-latin-america/,merged from Table 1 row 21; Table 2 row (July 2023); Table 3 row (July 2023); Ecuador master table (2023-07)
2023,Colombian prisons; northern Colombia,Colombia,Seven INPEC (prison authority) officials prosecuted for facilitating drone-based smuggling of contraband into prisons; prison corruption case,unknown,Unknown,Unknown,contraband (prison),unknown,prison contraband,Corrupt INPEC officials,prison corruption; drug trafficking,not specified,Unknown,FALSE,Not applicable,VERIFIED,Confirmed,InSight Crime,https://insightcrime.org/news/drones-fuel-criminal-arms-race-latin-america/,https://insightcrime.org/news/drones-fuel-criminal-arms-race-latin-america/,None
2023,Panama (prisons),Panama,1587 drones seized by Panamanian authorities for smuggling contraband into prisons in a single year,unknown,Unknown,Unknown,contraband (prison),unknown,prison contraband,Not specified,prison corruption; drug trafficking,not specified,Unknown,FALSE,Not applicable,VERIFIED,Confirmed,InSight Crime,https://insightcrime.org/news/drones-fuel-criminal-arms-race-latin-america/,https://insightcrime.org/news/drones-fuel-criminal-arms-race-latin-america/,None
2023/2025,Mexico (various regions),Mexico,CJNG specialized drone unit 'Operadores Droneros' with unique insignia responsible for approximately 20% of all drone attacks; conducted surveillance; attacks; and psychological warfare,commercial COTS,DJI Mavic series; Generic FPV quad,DJI; Various (China),explosives; surveillance,FPV manual; GPS waypoint/autonomous,attack (explosive drop); surveillance/ISR; psychological warfare,CJNG,drug trafficking; arms trafficking; rival gang warfare,legal retail; grey market; battlefield adaptation (Ukraine),China (DJI); China (components),TRUE,Confirmed,VERIFIED,Confirmed,Twitter/X; YouTube; OSINT; Militant Wire; CSIS,https://www.militantwire.com/p/flying-south-for-the-war-the-rise,https://www.militantwire.com/p/flying-south-for-the-war-the-rise;https://www.csis.org/analysis/illicit-innovation-latin-america-not-prepared-fight-criminal-drones,capability profile row covering 2023-2025; not a single incident; ukraine_link inferred from group-level attribution
2024,Mexico (various regions),Mexico,La Nueva Familia Michoacana (LNFM) drone attack count increased from 6 in 2023 to 20 in 2024 then dropped in 2025; weaponized drones documented,commercial COTS,Unknown,Unknown,explosives,FPV manual,attack (explosive drop),LNFM,drug trafficking; rival gang warfare,legal retail; grey market,China (DJI),FALSE,Not applicable,VERIFIED,Confirmed,OSINT; Small Wars Journal,https://smallwarsjournal.com/2026/02/16/mexican-cartel-drone-attacks-report/,https://smallwarsjournal.com/2026/02/16/mexican-cartel-drone-attacks-report/,None
2025,Mexico (exact location not specified),Mexico,Gulf Cartel (CDG) drone attack on El Chapo's mother's house using grenade-dropping drone; geolocated video,commercial COTS,Unknown,Unknown,explosives,GPS waypoint/autonomous,attack (explosive drop),Gulf Cartel (CDG),rival gang warfare; drug trafficking,legal retail; grey market,China (DJI),FALSE,Not applicable,VERIFIED,Confirmed,Twitter/X; YouTube; Militant Wire,https://www.militantwire.com/p/flying-south-for-the-war-the-rise,https://www.militantwire.com/p/flying-south-for-the-war-the-rise,prose-only case listed in Table 1 row; no Table 3 row
2023-05,Heliodoro Castillo; Guerrero,Mexico,Drone attack killed two people and displaced approximately 600 residents; attributed to unnamed local criminal group (likely CJNG or rivals),commercial COTS,Unknown,Unknown,explosives,FPV manual; GPS waypoint/autonomous,attack (explosive drop),Unnamed criminal group,civilian displacement; rival gang warfare; drug trafficking,not specified,Unknown,FALSE,Not applicable,VERIFIED,Confirmed,InSight Crime,https://insightcrime.org/news/drones-fuel-criminal-arms-race-latin-america/,https://insightcrime.org/news/drones-fuel-criminal-arms-race-latin-america/,merged from Table 2 (May 2023) and Table 3 (May 2023)
2023-H1,Mexico (nationwide),Mexico,SEDENA reported 260 drone attacks in the first half of 2023; mainly attributed to CJNG and allies using weaponized drones against rivals,commercial COTS,Unknown,Unknown,explosives,FPV manual; GPS waypoint/autonomous,attack (explosive drop),CJNG,drug trafficking; rival gang warfare,legal retail; grey market,China (DJI),TRUE,Confirmed,VERIFIED,Confirmed,CSIS,https://www.csis.org/analysis/illicit-innovation-latin-america-not-prepared-fight-criminal-drones,https://www.csis.org/analysis/illicit-innovation-latin-america-not-prepared-fight-criminal-drones,aggregate row — SEDENA report first half 2023; ukraine_link inferred from group-level attribution (CJNG)
2023-05,Tepalcatepec; Michoacán,Mexico,CJNG used drones to drop explosives on rival Cárteles Unidos positions; attacks described as increasing in frequency and boldness,commercial COTS,Unknown,Unknown,explosives,FPV manual,attack (explosive drop),CJNG,rival gang warfare; drug trafficking; civilian displacement,legal retail; grey market,China (DJI),TRUE,Confirmed,VERIFIED,Confirmed,InSight Crime,https://insightcrime.org/news/tepalcatepec-mexico-staging-ground-for-drone-warfare/,https://insightcrime.org/news/tepalcatepec-mexico-staging-ground-for-drone-warfare/,ukraine_link inferred from group-level attribution
2023-09,Michoacán; Mexico,Mexico,Eight Colombian nationals arrested for manufacturing drone-borne explosive devices for the Los Viagras cartel; Colombian ex-military involvement (Elkin Pérez Loaiza 'El Tigre' identified),improvised/FPV,Unknown,Unknown,explosives (IED),FPV manual,attack (explosive drop),Los Viagras,drug trafficking; arms trafficking; rival gang warfare,black market/dark web; local assembly,China (components); local (Latin America),FALSE,Not applicable,VERIFIED,Confirmed,InSight Crime,https://insightcrime.org/news/drones-fuel-criminal-arms-race-latin-america/,https://insightcrime.org/news/drones-fuel-criminal-arms-race-latin-america/,merged from Table 2 (Sep 2023) and Table 3 (Sep 2023); Elkin Pérez Loaiza confirmed as trainer (InSight Crime)
2024-12,Cotija; Michoacán,Mexico,Cárteles Unidos drone attack using IEDs killed two soldiers and injured five; use of IEDs and drones confirmed by SEDENA,commercial COTS,Unknown,Unknown,explosives (IED),FPV manual,attack (explosive drop),Cárteles Unidos,rival gang warfare; arms trafficking,legal retail; grey market,China (DJI),FALSE,Not applicable,VERIFIED,Confirmed,InSight Crime,https://insightcrime.org/news/criminal-groups-mexico-improvised-explosive-devices/,https://insightcrime.org/news/criminal-groups-mexico-improvised-explosive-devices/,merged from Table 2 (Dec 2024) and Table 3 (Dec 2024)
2024-07,Mexico (unspecified),Mexico,First lethal drone attack in Mexico killed a 10-year-old child; at least 11 deaths from drone attacks in first five months of 2025 also referenced,commercial COTS,Unknown,Unknown,explosives,FPV manual,attack (explosive drop),Unknown,civilian displacement; drug trafficking; rival gang warfare,not specified,Unknown,FALSE,Not applicable,VERIFIED,Confirmed,CSIS,https://www.csis.org/analysis/illicit-innovation-latin-america-not-prepared-fight-criminal-drones,https://www.csis.org/analysis/illicit-innovation-latin-america-not-prepared-fight-criminal-drones,None
2024,US-Mexico border,United States,Approximately 1000 drone incursions per month from Mexico into US documented; used for surveillance; tracking Border Patrol; and drug delivery,commercial COTS,Unknown,Unknown,drugs; surveillance,GPS waypoint/autonomous,surveillance/ISR; drug smuggling; border crossing,Unspecified Mexican cartels,drug trafficking,legal retail; grey market,China (DJI),FALSE,Not applicable,VERIFIED,Confirmed,CSIS,https://www.csis.org/analysis/united-states-needs-southwest-drone-wall,https://www.csis.org/analysis/united-states-needs-southwest-drone-wall,aggregate trend observation
2024-02,Mexico (unspecified),Mexico,Drones used to deliver illicit goods across the US-Mexico border evading patrol; cited as growing cartel tactic,commercial COTS,Unknown,Unknown,drugs,GPS waypoint/autonomous,drug smuggling; border crossing,Unspecified Mexican cartels,drug trafficking,legal retail; grey market,China (DJI),FALSE,Not applicable,VERIFIED,Probable,CSIS,https://www.csis.org/analysis/illicit-innovation-latin-america-not-prepared-fight-criminal-drones,https://www.csis.org/analysis/illicit-innovation-latin-america-not-prepared-fight-criminal-drones,None
2023/2024,Chicomuselo; Chiapas,Mexico,Criminal groups used drones to drop explosives on civilian homes; approximately 400 people displaced; largest recorded drone-driven civilian displacement in Chiapas,commercial COTS,Unknown,Unknown,explosives,FPV manual; GPS waypoint/autonomous,attack (explosive drop); psychological warfare,Unknown criminal groups,civilian displacement; drug trafficking; extortion,not specified,Unknown,FALSE,Not applicable,VERIFIED,Confirmed,InSight Crime,https://insightcrime.org/news/warring-criminal-groups-are-targeting-civilians-in-chiapas-mexico/,https://insightcrime.org/news/warring-criminal-groups-are-targeting-civilians-in-chiapas-mexico/,prose-only case from Table 2; no Table 1 or Table 3 row
2023/2025,Sinaloa; Mexico,Mexico,Authorities seized dozens of drones and explosives amid Sinaloa Cartel factional infighting; escalating weaponization trend,commercial COTS,Unknown,Unknown,explosives,unknown,attack (explosive drop),Sinaloa Cartel (factions),rival gang warfare; drug trafficking,legal retail; grey market,China (DJI),TRUE,Probable,VERIFIED,Confirmed,InSight Crime,https://insightcrime.org/news/criminal-groups-mexico-improvised-explosive-devices/,https://insightcrime.org/news/criminal-groups-mexico-improvised-explosive-devices/,ukraine_link inferred from group-level attribution (Sinaloa)
2023/2025,Mexico (nationwide),Mexico,Cartels (CJNG; Familia Michoacana) building custom-made narco-drones for narcotics transport and attacks; DEA confirms trend; production hubs in Querétaro; Guadalajara; Nuevo León; Mexico City,improvised/FPV,Generic FPV quad,Various (China),drugs; explosives,FPV manual; GPS waypoint/autonomous,drug smuggling; attack (explosive drop),CJNG; La Familia Michoacana,drug trafficking; arms trafficking,front company; local assembly; black market/dark web,China (components),TRUE,Confirmed,VERIFIED,Confirmed,InSight Crime,https://insightcrime.org/news/brief/mexico-s-cartels-building-custom-made-narco-drones-dea/,https://insightcrime.org/news/brief/mexico-s-cartels-building-custom-made-narco-drones-dea/,aggregate trend; ukraine_link inferred from group-level attribution
2023-08-18,Cúcuta; Norte de Santander,Colombia,FARC dissidents used a commercial DJI Phantom 4 drone to drop explosives on a police station; no injuries; one of earliest documented Colombian rebel drone attacks,commercial COTS,DJI Phantom 4,DJI,explosives,GPS waypoint/autonomous,attack (explosive drop),ex-FARC dissidents,drug trafficking; arms trafficking,legal retail; grey market,China (DJI),FALSE,Not applicable,VERIFIED,Confirmed,InSight Crime,https://insightcrime.org/news/colombia-drones-farc-dissidents-explosives/,https://insightcrime.org/news/colombia-drones-farc-dissidents-explosives/,None
2024-01-07,Guayaquil; Ecuador,Ecuador,Los Choneros gang suspected of deploying surveillance drone during prison escape of leader José Adolfo Macías 'Fito'; source notes suspicion not confirmed,commercial COTS,DJI Mavic 2,DJI,surveillance,FPV manual,surveillance/ISR; prison contraband,Los Choneros (suspected),prison corruption; drug trafficking,legal retail,China (DJI),FALSE,Not applicable,UNVERIFIED,Probable,AP,https://apnews.com/world-news/general-news-35a2811ece87a394843596eb92dcd0a4,https://apnews.com/world-news/general-news-35a2811ece87a394843596eb92dcd0a4,main document section 'No Verified Drone Activity' lists Los Choneros; Table 2 lists as suspected only; verification_status set UNVERIFIED; evidence_quality Probable; model from Table 2 entry
2024-03-15,Arauca; Colombia,Colombia,ELN used improvised drones to drop grenades on a military outpost; minor injuries; custom quadcopter platform,improvised/FPV,Custom quadcopter,Unknown,explosives,FPV manual,attack (explosive drop),ELN,drug trafficking; arms trafficking,local assembly; black market/dark web,China (components),TRUE,Probable,VERIFIED,Confirmed,Colombia Reports,https://colombiareports.com/eln-drone-attack-arauca-2024/,https://colombiareports.com/eln-drone-attack-arauca-2024/,ukraine_link inferred from group-level attribution
2024-04-02,Quito; Ecuador,Ecuador,Los Lobos gang attempted drone bomb attack on rival gang safehouse; device failed to detonate,commercial COTS,DJI Matrice 300,DJI,explosives,GPS waypoint/autonomous,attack (explosive drop),Los Lobos,rival gang warfare; drug trafficking,legal retail; grey market,China (DJI),FALSE,Not applicable,Not assessed,Not assessed,El Comercio,https://elcomercio.com/actualidad/seguridad/lobos-drone-bomba-quito-2024.html,https://elcomercio.com/actualidad/seguridad/lobos-drone-bomba-quito-2024.html,Table 2 only; source URL format unverified; main report lists Los Lobos as no verified drone activity in one section but Ecuador prison section documents Los Lobos explosives use; verification not assessed for this specific incident; model from Table 2
2024-05-10,Caracas; Venezuela,Venezuela,Tren de Aragua gang reportedly used drone for perimeter surveillance of drug shipment,commercial COTS,DJI Mini 3,DJI,surveillance,FPV manual,surveillance/ISR,Tren de Aragua,drug trafficking,legal retail,China (DJI),FALSE,Not applicable,UNVERIFIED,Not assessed,InSight Crime,https://insightcrime.org/news/venezuela-tren-aragua-drone-surveillance-2024/,https://insightcrime.org/news/venezuela-tren-aragua-drone-surveillance-2024/,main document explicitly states no verified drone use by Tren de Aragua 2022-2026; Table 2 entry contradicts this; verification_status UNVERIFIED; URL format may not correspond to a real article; evidence_quality Not assessed; model from Table 2
2024-06-01,São Paulo; Brazil,Brazil,PCC gang used drone to deliver drugs into prison; intercepted by authorities,commercial COTS,DJI Phantom 4,DJI,drugs; contraband (prison),GPS waypoint/autonomous,prison contraband; drug smuggling,PCC,drug trafficking; prison corruption,legal retail,China (DJI),FALSE,Not applicable,UNVERIFIED,Not assessed,Folha,https://folha.uol.com.br/cotidiano/2024/06/pcc-drone-prison-sao-paulo.shtml,https://folha.uol.com.br/cotidiano/2024/06/pcc-drone-prison-sao-paulo.shtml,main document lists PCC as having no verified drone activity; Table 2 entry contradicts; verification_status UNVERIFIED; URL format unverified; model from Table 2
2025-03,Mexico (unspecified),Mexico,Largest UAV-delivered munition to date seized from a cartel; intended for explosive attacks; generic FPV quadcopter platform,improvised/FPV,Generic FPV quad,Various (China),explosives (IED),FPV manual,attack (kamikaze/one-way),Unspecified Mexican cartel,drug trafficking; arms trafficking,black market/dark web; local assembly,China (components),FALSE,Not applicable,VERIFIED,Confirmed,ARES,https://armamentresearch.com/mexican-drug-cartel-use-of-uav-delivered-munitions/,https://armamentresearch.com/mexican-drug-cartel-use-of-uav-delivered-munitions/,None
2024,Mexico,Mexico,Aggregate: cartels use COTS drones for drug smuggling and ISTAR; DJI Mavic 3 and Autel EVO models identified as most prevalent,commercial COTS,DJI Mavic 3; Autel EVO,DJI; Autel Robotics,drugs; surveillance,GPS waypoint/autonomous,surveillance/ISR; drug smuggling,CJNG; Sinaloa; others,drug trafficking,legal retail; grey market,China (DJI),TRUE,Probable,VERIFIED,Probable,ARES,https://armamentresearch.com/mexican-drug-cartel-use-of-uav-delivered-munitions/,https://armamentresearch.com/mexican-drug-cartel-use-of-uav-delivered-munitions/,aggregate trend observation; ukraine_link inferred from group-level attribution
2024,Mexico,Mexico,Aggregate: cartels adapt DJI drones for grenade drops using light-switch release mechanisms; DJI Mavic 3 and Matrice series identified,commercial COTS,DJI Mavic 3; DJI Matrice series,DJI,explosives,GPS waypoint/autonomous,attack (explosive drop),CJNG; Sinaloa; others,drug trafficking; arms trafficking; rival gang warfare,legal retail; grey market,China (DJI),TRUE,Confirmed,VERIFIED,Probable,Bellingcat; ARES,https://www.bellingcat.com/resources/2024/01/19/identifying-small-drones-from-screenshots-and-displays/,https://www.bellingcat.com/resources/2024/01/19/identifying-small-drones-from-screenshots-and-displays/;https://armamentresearch.com/mexican-drug-cartel-use-of-uav-delivered-munitions/,aggregate trend observation; ukraine_link inferred from group-level attribution
2023/2025,Mexico (various states),Mexico,Weaponized FPV one-way attack drones with small IEDs; hand-built from Chinese components; tactic directly inspired by and adapted from Ukrainian war-theater practices; CJNG and Sinaloa confirmed users,improvised/FPV,Generic FPV quad,Various (China),explosives (IED),FPV manual,attack (kamikaze/one-way),CJNG; Sinaloa Cartel,drug trafficking; arms trafficking; rival gang warfare,black market/dark web; battlefield adaptation (Ukraine),China (components),TRUE,Confirmed,VERIFIED,Confirmed,ARES; Militant Wire; Defense News,https://armamentresearch.com/mexican-drug-cartel-use-of-uav-delivered-munitions/,https://armamentresearch.com/mexican-drug-cartel-use-of-uav-delivered-munitions/;https://www.militantwire.com/p/flying-south-for-the-war-the-rise;https://www.defensenews.com/unmanned/2025/11/14/how-cartels-are-adopting-drone-tactics-from-ukraine/,merged Table 2 (2024 FPV one-way) and Table 3 (2023-2025 FPV kamikaze Ukraine-inspired); ukraine_link inferred from group-level attribution; FPV tactic classified Confirmed
2024,Mexico,Mexico,Cartels employ counter-UAS (C-UAS) electronic warfare jamming devices to neutralise rival and government drones; marks new phase in criminal drone arms race,C-UAS/electronic warfare,C-UAS devices,Various,electronic warfare (jamming),N/A,counter-drone (C-UAS),CJNG; Sinaloa; others,drug trafficking; rival gang warfare,black market/dark web; grey market,Unknown,TRUE,Speculative,VERIFIED,Probable,ARES,https://armamentresearch.com/mexican-drug-cartel-use-of-uav-delivered-munitions/,https://armamentresearch.com/mexican-drug-cartel-use-of-uav-delivered-munitions/,ukraine_link inferred from group-level attribution; electronic countermeasures classified Speculative per Ukraine transfer section
2025-04,Chihuahua; Mexico,Mexico,Cartel ambush using explosive FPV drone; three FPV racing drones seized after attack; battlefield adaptation of Ukraine-style tactics,improvised/FPV,Generic FPV quad,Various (China),explosives,FPV manual,attack (kamikaze/one-way),Unspecified cartel (likely CJNG/Sinaloa),drug trafficking; arms trafficking; rival gang warfare,black market/dark web; battlefield adaptation (Ukraine),China (components),TRUE,Confirmed,VERIFIED,Confirmed,Defense News,https://www.defensenews.com/unmanned/2025/11/14/how-cartels-are-adopting-drone-tactics-from-ukraine/,https://www.defensenews.com/unmanned/2025/11/14/how-cartels-are-adopting-drone-tactics-from-ukraine/,ukraine_link inferred from group-level attribution
2025-10,Baja California; Mexico,Mexico,Three explosive-laden off-the-shelf drones loaded with IEDs struck a prosecutor's office; DJI Mavic or similar model,commercial COTS,DJI Mavic series,DJI,explosives (IED),GPS waypoint/autonomous,attack (explosive drop),CJNG,drug trafficking; arms trafficking,legal retail; grey market,China (DJI),TRUE,Confirmed,VERIFIED,Confirmed,Brookings,https://www.brookings.edu/articles/how-mexican-cartels-are-using-drones-now-and-in-the-future/,https://www.brookings.edu/articles/how-mexican-cartels-are-using-drones-now-and-in-the-future/,ukraine_link inferred from group-level attribution
2025-11,Mexico (various),Mexico,Cartels confirmed using FPV drones modelled on Ukrainian war tactics; cartel operatives confirmed to have trained in Ukraine via International Legion infiltration,improvised/FPV,Generic FPV quad,Various (China),explosives,FPV manual,attack (kamikaze/one-way),CJNG; Sinaloa Cartel,drug trafficking; arms trafficking; rival gang warfare,battlefield adaptation (Ukraine); black market/dark web,China (components),TRUE,Confirmed,VERIFIED,Confirmed,Defense News,https://www.defensenews.com/unmanned/2025/11/14/how-cartels-are-adopting-drone-tactics-from-ukraine/,https://www.defensenews.com/unmanned/2025/11/14/how-cartels-are-adopting-drone-tactics-from-ukraine/,ukraine_link inferred from group-level attribution; FPV tactic and personnel training classified Confirmed
2025-12,Culiacán; Sinaloa,Mexico,Burned-out vehicle found containing an industrial drone alongside a Barrett rifle; drone assessed as likely used for surveillance or attack planning,commercial COTS,Unknown,Unknown,surveillance,unknown,surveillance/ISR,Sinaloa Cartel,drug trafficking; arms trafficking,legal retail; grey market,China (DJI),TRUE,Probable,VERIFIED,Probable,El País,https://english.elpais.com/international/2025-12-14/cartels-in-mexico-take-a-leap-forward-with-narco-drones-it-is-criminal-groups-that-are-leading-the-innovation-race.html,https://english.elpais.com/international/2025-12-14/cartels-in-mexico-take-a-leap-forward-with-narco-drones-it-is-criminal-groups-that-are-leading-the-innovation-race.html,ukraine_link inferred from group-level attribution
2026-02,US-Mexico border (aggregate),Mexico,Over 27000 drone detections near the US-Mexico border in six months; used for smuggling; surveillance; and attacks by multiple cartel groups,commercial COTS,DJI Mavic series,DJI,drugs; surveillance; explosives,GPS waypoint/autonomous,drug smuggling; surveillance/ISR; attack (explosive drop); border crossing,CJNG; Sinaloa Cartel; others,drug trafficking; arms trafficking,legal retail; grey market,China (DJI),TRUE,Probable,VERIFIED,Confirmed,KSAT News,https://www.ksat.com/news/world/2026/02/12/how-mexican-cartels-employ-drones-as-tools-to-smuggle-drugs-and-fight-enemies/,https://www.ksat.com/news/world/2026/02/12/how-mexican-cartels-employ-drones-as-tools-to-smuggle-drugs-and-fight-enemies/,aggregate; ukraine_link inferred from group-level attribution
2026-03,El Paso; Texas,United States,FAA closed US airspace over El Paso area due to cartel drone incursions; DJI Mavic and FPV drones used for surveillance and attacks,improvised/FPV,DJI Mavic series; Generic FPV quad,DJI; Various (China),surveillance; explosives,GPS waypoint/autonomous; FPV manual,surveillance/ISR; attack (explosive drop); border crossing,CJNG; Sinaloa Cartel; others,drug trafficking; arms trafficking,legal retail; grey market; battlefield adaptation (Ukraine),China (DJI); China (components),TRUE,Confirmed,VERIFIED,Confirmed,TPR Border,https://www.tpr.org/border-immigration/2026-03-02/mexican-drug-cartels-use-of-weaponized-drones-causing-concern-on-the-border,https://www.tpr.org/border-immigration/2026-03-02/mexican-drug-cartels-use-of-weaponized-drones-causing-concern-on-the-border,distinct from row 10 (Feb 2026 El Paso airport closure); ukraine_link inferred from group-level attribution
2022-07-20,Penitenciaría del Litoral; Guayaquil,Ecuador,Drone-delivered explosives caused three explosions damaging prison roof; official SNAI confirmation; attributed contextually to Los Lobos and Los Choneros rivalry,unknown,Unknown,Unknown,explosives,unknown,attack (explosive drop),Los Lobos; Los Choneros (contextual),rival gang warfare; prison corruption; drug trafficking,not specified,Unknown,FALSE,Not applicable,VERIFIED,Confirmed,El Comercio,https://www.elcomercio.com/actualidad/seguridad/drones-explosivos-armas-penitenciaria-litoral.html,https://www.elcomercio.com/actualidad/seguridad/drones-explosivos-armas-penitenciaria-litoral.html,None
2023-07-25,Penitenciaría del Litoral; Guayaquil,Ecuador,Los Lobos drones damaged prison infrastructure during violent disturbances; police report,unknown,Unknown,Unknown,explosives,unknown,attack (explosive drop),Los Lobos,rival gang warfare; prison corruption,not specified,Unknown,FALSE,Not applicable,VERIFIED,Confirmed,Plan V,https://planv.com.ec/historias/ruptura-entre-lobos-y-tiguerones-genera-nueva-matanza-la-penitenciaria/,https://planv.com.ec/historias/ruptura-entre-lobos-y-tiguerones-genera-nueva-matanza-la-penitenciaria/,None
2023-09-12,La Roca Prison; Guayaquil,Ecuador,Commercial drone carrying approximately 40 lbs of explosives dropped on prison roof causing structural damage; official statements issued,commercial COTS,Unknown,Unknown,explosives,GPS waypoint/autonomous,attack (explosive drop),Los Choneros; Los Lobos; R7 (contextual),rival gang warfare; prison corruption,not specified,Unknown,FALSE,Not applicable,VERIFIED,Confirmed,La Hora,https://www.lahora.com.ec/pais/la-roca-gobierno-apuesta-por-francotiradores-ante-la-falta-de-tecnologia-para-evitar-drones-con-explosivos-en-las-carceles/,https://www.lahora.com.ec/pais/la-roca-gobierno-apuesta-por-francotiradores-ante-la-falta-de-tecnologia-para-evitar-drones-con-explosivos-en-las-carceles/,None
2023-09-13,Penitenciaría del Litoral; Guayaquil,Ecuador,Explosive drone attack targeting rival gang leaders inside prison; confirmed by SNAI and media; day after La Roca attack,commercial COTS,Unknown,Unknown,explosives,GPS waypoint/autonomous,attack (explosive drop),Los Choneros; Los Lobos; R7 (contextual),rival gang warfare; prison corruption,not specified,Unknown,FALSE,Not applicable,VERIFIED,Confirmed,El Comercio,https://www.elcomercio.com/actualidad/seguridad/snai-drones-penitenciaria-guerra-carteles.html,https://www.elcomercio.com/actualidad/seguridad/snai-drones-penitenciaria-guerra-carteles.html,distinct from row 57 (2022-07-20) and row 58 (2023-07-25); same prison as row 57 and row 58
2022/2024,Ecuadorian prisons (general),Ecuador,Ongoing pattern of commercial drones used to smuggle contraband (drugs; phones; electronics; food) into prisons by Los Choneros; Los Lobos; R7 networks,commercial COTS,Unknown,Unknown,contraband (prison),GPS waypoint/autonomous,prison contraband,Los Choneros; Los Lobos; R7,prison corruption; drug trafficking,legal retail,China (DJI),FALSE,Not applicable,VERIFIED,Confirmed,InSight Crime,https://insightcrime.org/news/colombian-prison-guards-drone-100-dollar-order-fried-rice/,https://insightcrime.org/news/colombian-prison-guards-drone-100-dollar-order-fried-rice/;https://insightcrime.org/news/drones-fuel-criminal-arms-race-latin-america/,aggregate trend row 2022-2024
2022/2024,Ecuadorian prisons (general),Ecuador,Pattern of drone attacks including explosive drops inside prisons triggering massacres and targeted killings; linked to factional warfare between Los Choneros; Los Lobos; R7,unknown,Unknown,Unknown,explosives,unknown,attack (explosive drop),Los Choneros; Los Lobos; R7,rival gang warfare; prison corruption,not specified,Unknown,FALSE,Not applicable,VERIFIED,Confirmed,InSight Crime,https://insightcrime.org/news/ecuador-gangs-target-prison-chiefs-regain-control/,https://insightcrime.org/news/ecuador-gangs-target-prison-chiefs-regain-control/,aggregate trend row 2022-2024
2026-01,Catatumbo; Norte de Santander,Colombia,ELN explosive drone attack on Colombian Army patrol; one soldier killed; four wounded; commercial drone adapted for explosives; Venezuela-based logistics,commercial COTS,Unknown,Unknown,explosives,GPS waypoint/autonomous,attack (explosive drop),ELN,drug trafficking; arms trafficking,legal retail; grey market,China (DJI),TRUE,Probable,VERIFIED,Confirmed,El Tiempo,https://www.eltiempo.com/justicia/conflicto-y-narcotrafico/un-militar-fue-asesinado-por-ataque-de-drones-explosivos-del-eln-contra-el-ejercito-nacional-en-el-catatumbo-4-mas-permanecen-heridos-3524924,https://www.eltiempo.com/justicia/conflicto-y-narcotrafico/un-militar-fue-asesinado-por-ataque-de-drones-explosivos-del-eln-contra-el-ejercito-nacional-en-el-catatumbo-4-mas-permanecen-heridos-3524924,ukraine_link inferred from group-level attribution
2026,Saravena; Arauca,Colombia,ELN FPV drone of new generation attacked Colombian Air Force base; two Air Force officers wounded; Venezuela-based ELN coordination,improvised/FPV,Generic FPV quad,Various (China),explosives,FPV manual,attack (kamikaze/one-way),ELN,drug trafficking; arms trafficking,black market/dark web; battlefield adaptation (Ukraine),China (components),TRUE,Confirmed,VERIFIED,Confirmed,Semana,https://www.semana.com/nacion/articulo/base-de-la-fuerza-aeroespacial-colombiana-en-arauca-es-atacada-con-drones-explosivos-de-nueva-generacion/202622/,https://www.semana.com/nacion/articulo/base-de-la-fuerza-aeroespacial-colombiana-en-arauca-es-atacada-con-drones-explosivos-de-nueva-generacion/202622/,ukraine_link inferred from group-level attribution
2026,Catatumbo; Norte de Santander,Colombia,Multiple ELN explosive drone attacks part of escalating campaign; coordinated from Venezuelan territory; approximately 418 total attacks documented across 22 months,commercial COTS,Unknown,Unknown,explosives,GPS waypoint/autonomous,attack (explosive drop),ELN,drug trafficking; arms trafficking; civilian displacement,legal retail; grey market,China (DJI),TRUE,Probable,VERIFIED,Confirmed,El Tiempo,https://www.eltiempo.com/justicia/conflicto-y-narcotrafico/disputa-entre-el-eln-y-disidencias-de-las-farc-de-alias-calarca-profundiza-la-crisis-en-el-catatumbo-desplazamiento-forzado-y-ataques-con-drones-3521195,https://www.eltiempo.com/justicia/conflicto-y-narcotrafico/disputa-entre-el-eln-y-disidencias-de-las-farc-de-alias-calarca-profundiza-la-crisis-en-el-catatumbo-desplazamiento-forzado-y-ataques-con-drones-3521195,ukraine_link inferred from group-level attribution
2026-03-04,Lagunitas; San Pablo; Nariño,Colombia,FARC dissident (EMC) explosive drone attack on Army; one of series of attacks in Nariño,commercial COTS,Unknown,Unknown,explosives,GPS waypoint/autonomous,attack (explosive drop),ex-FARC dissidents (EMC),drug trafficking; arms trafficking,legal retail; grey market,China (DJI),FALSE,Not applicable,VERIFIED,Confirmed,El Tiempo,https://www.eltiempo.com/amp/colombia/cali/autoridades-analizan-el-orden-publico-de-cara-a-las-elecciones-tras-el-ultimo-ataque-con-drones-en-narino-militares-fueron-blanco-de-explosivos-3537722,https://www.eltiempo.com/amp/colombia/cali/autoridades-analizan-el-orden-publico-de-cara-a-las-elecciones-tras-el-ultimo-ataque-con-drones-en-narino-militares-fueron-blanco-de-explosivos-3537722,None
2025/2026,Multiple departments; Colombia,Colombia,Aggregate: 418 explosive drone attacks in 22 months; approximately 1000 explosive devices dropped; 215 victims (military; police; civilians); breakdown: 66 ELN; 270 FARC dissidents; 119 Clan del Golfo (totals differ slightly across sources),commercial COTS,Unknown,Unknown,explosives,FPV manual; GPS waypoint/autonomous,attack (explosive drop),ELN; ex-FARC dissidents; Clan del Golfo,drug trafficking; arms trafficking; rival gang warfare,legal retail; grey market; black market/dark web,China (DJI),TRUE,Probable,VERIFIED,Confirmed,El Tiempo,https://www.eltiempo.com/justicia/conflicto-y-narcotrafico/en-22-meses-se-registraron-418-ataques-con-drones-cargados-con-explosivos-3535498,https://www.eltiempo.com/justicia/conflicto-y-narcotrafico/en-22-meses-se-registraron-418-ataques-con-drones-cargados-con-explosivos-3535498;https://www.eltiempo.com/justicia/conflicto-y-narcotrafico/cada-48-horas-se-registra-un-ataque-con-dron-cargado-con-explosivos-en-colombia-esta-es-la-cifra-de-acciones-por-grupo-armado-3545554,merged COL5 and COL6; aggregate row; ukraine_link inferred from group-level attribution (ELN)
2025-09,Cumbitara and Policarpa; Nariño,Colombia,FARC dissident (Franco Benavides faction) drone killed one civilian woman and wounded two soldiers,commercial COTS,Unknown,Unknown,explosives,GPS waypoint/autonomous,attack (explosive drop),ex-FARC dissidents (Franco Benavides),drug trafficking; arms trafficking,legal retail; grey market,China (DJI),FALSE,Not applicable,VERIFIED,Confirmed,El Tiempo,https://www.eltiempo.com/colombia/otras-ciudades/cinco-integrantes-de-las-disidencias-de-las-farc-se-entregaron-al-ejercito-en-narino-3387736,https://www.eltiempo.com/colombia/otras-ciudades/cinco-integrantes-de-las-disidencias-de-las-farc-se-entregaron-al-ejercito-en-narino-3387736,None
2025-02,El Tambo; Nariño,Colombia,FARC dissident (EMC; Franco Benavides) drone attack on police station; three grenades dropped; no casualties reported,commercial COTS,Unknown,Unknown,explosives,GPS waypoint/autonomous,attack (explosive drop),ex-FARC dissidents (EMC; Franco Benavides),drug trafficking; arms trafficking,legal retail; grey market,China (DJI),FALSE,Not applicable,VERIFIED,Confirmed,El Tiempo,https://www.eltiempo.com/colombia/cali/un-grupo-armado-lanzo-tres-explosivos-mediante-el-uso-de-drones-contra-la-estacion-de-policia-del-municipio-de-el-tambo-narino-lo-que-se-sabe-3517354,https://www.eltiempo.com/colombia/cali/un-grupo-armado-lanzo-tres-explosivos-mediante-el-uso-de-drones-contra-la-estacion-de-policia-del-municipio-de-el-tambo-narino-lo-que-se-sabe-3517354,None
2025-12-18,Aguachica; Cesar,Colombia,Combined IED-drone and mortar (tatucos) attack on military; at least 6 soldiers killed; 28 wounded; one of deadliest drone-assisted attacks in Colombia,commercial COTS,Unknown,Unknown,explosives (IED),GPS waypoint/autonomous,attack (explosive drop),Unknown armed group,drug trafficking; arms trafficking,not specified,Unknown,FALSE,Not applicable,VERIFIED,Confirmed,Colombia Reports,https://colombiareports.com/six-soldiers-killed-in-northern-colombia-drone-and-mortar-attack/,https://colombiareports.com/six-soldiers-killed-in-northern-colombia-drone-and-mortar-attack/,None
2024-04,Argelia; Cauca,Colombia,First confirmed FARC dissident drone attack; attributed to Carlos Patiño faction; no casualties stated,commercial COTS,Unknown,Unknown,explosives,GPS waypoint/autonomous,attack (explosive drop),ex-FARC dissidents (Carlos Patiño),drug trafficking; arms trafficking,legal retail; grey market,China (DJI),FALSE,Not applicable,VERIFIED,Confirmed,El Tiempo,https://www.eltiempo.com/justicia/conflicto-y-narcotrafico/a-mas-de-300-se-elevan-los-ataques-con-drones-en-colombia-215-victimas-entre-militares-policias-y-civiles-segun-un-informe-oficial-3494551,https://www.eltiempo.com/justicia/conflicto-y-narcotrafico/a-mas-de-300-se-elevan-los-ataques-con-drones-en-colombia-215-victimas-entre-militares-policias-y-civiles-segun-un-informe-oficial-3494551,None
2023-04-24,Road between Pasto and Tumaco; Nariño,Colombia,IED-laden Syma commercial drone seized on road before attack could be carried out; smuggled into Colombia from Ecuador,commercial COTS,Unknown,Unknown,explosives (IED),GPS waypoint/autonomous,attack (explosive drop),ex-FARC dissidents (FOS),drug trafficking; arms trafficking,black market/dark web,local (Latin America),FALSE,Not applicable,VERIFIED,Confirmed,InSight Crime,https://insightcrime.org/news/drones-emerge-new-weapon-war-colombia-pacific/,https://insightcrime.org/news/drones-emerge-new-weapon-war-colombia-pacific/,Syma model specified in Table 2; attack prevented; supply chain traced to Ecuador smuggling route
2025-12-08,Huehuetenango; Guatemala,Guatemala,Drones; arms; and explosives seized after Sinaloa Cartel incursion into Guatemalan territory; drones used for reconnaissance,commercial COTS,Unknown,Unknown,surveillance,unknown,surveillance/ISR,Sinaloa Cartel,drug trafficking; arms trafficking,legal retail; grey market,China (DJI),TRUE,Probable,VERIFIED,Confirmed,Prensa Libre,https://www.prensalibre.com/guatemala/justicia/tres-fallecidos-drones-armas-y-granadas-revelan-mas-detalles-de-los-enfrentamientos-entre-el-cartel-de-sinaloa-y-chiapas-guatemala-breaking/,https://www.prensalibre.com/guatemala/justicia/tres-fallecidos-drones-armas-y-granadas-revelan-mas-detalles-de-los-enfrentamientos-entre-el-cartel-de-sinaloa-y-chiapas-guatemala-breaking/,ukraine_link inferred from group-level attribution (Sinaloa)
2025-12-12,Huehuetenango; Guatemala,Guatemala,High-value drone (approximately Q200000) and additional drones seized from Sinaloa Cartel after attack; used for reconnaissance,commercial COTS,Unknown,Unknown,surveillance,unknown,surveillance/ISR,Sinaloa Cartel,drug trafficking; arms trafficking,legal retail; grey market,China (DJI),TRUE,Probable,VERIFIED,Confirmed,Prensa Libre,https://www.prensalibre.com/guatemala/comunitario/un-dron-de-q200-mil-fusiles-y-explosivos-cual-fue-el-arsenal-incautado-tras-el-ataque-del-cartel-de-sinaloa-en-guatemala/,https://www.prensalibre.com/guatemala/comunitario/un-dron-de-q200-mil-fusiles-y-explosivos-cual-fue-el-arsenal-incautado-tras-el-ataque-del-cartel-de-sinaloa-en-guatemala/,distinct from row 73 (2025-12-08 same region); ukraine_link inferred from group-level attribution (Sinaloa)
2024-08-08,El Porvenir; Siria; Honduras (prison),Honduras,Drones used for surveillance of military police inside Honduran prison; criminal structures suspected but MS-13 and Barrio 18 not confirmed,commercial COTS,Unknown,Unknown,surveillance,unknown,surveillance/ISR; prison contraband,Unspecified criminal structures (maras/pandillas suspected; unconfirmed),prison corruption; drug trafficking,not specified,Unknown,FALSE,Not applicable,Not assessed,Not assessed,La Prensa Honduras,https://www.laprensa.hn/premium/carcel-siria-militares-vigilancia-drones-estructuras-criminales-NC20773718,https://www.laprensa.hn/premium/carcel-siria-militares-vigilancia-drones-estructuras-criminales-NC20773718,attribution to MS-13 or Barrio 18 not confirmed; listed as ambiguous case; may be unrelated criminal network
2024-01,Michoacán; Mexico,Mexico,CJNG used drones armed with IEDs against an army convoy in Michoacán,commercial COTS,Unknown,Unknown,explosives (IED),GPS waypoint/autonomous,attack (explosive drop),CJNG,drug trafficking; arms trafficking; rival gang warfare,legal retail; grey market,China (DJI),TRUE,Confirmed,VERIFIED,Confirmed,InSight Crime,https://insightcrime.org/news/drones-fuel-criminal-arms-race-latin-america/,https://insightcrime.org/news/drones-fuel-criminal-arms-race-latin-america/,from Table 3; ukraine_link inferred from group-level attribution
